_source_file,_row_index,_leaf_label,_leaf_id,_group_path,_text,_semantic_text,_dtype,_concept_label,_concept_score,_concept_source,_code_family,_facet_cond,_facet_task,_facet_variant,_facet_stat,_facet_outcome,_facet_prec
ai-mind-variable-descriptions_in_.csv,0,DMSCC,DMS > DMS Recommended Standard.DMSCC,DMS > DMS Recommended Standard,"Task: DMS | Variant: DMS Recommended Standard | name: DMSCC | description: DMS Mean Choices to Correct: The mean number of choices that the subject made on each trial, including the correct choice. Calculated across all trials where the subject eventually made the correct choice (simultaneous and all delays). | Decimal Places: 2","DMS Mean Choices to Correct: The mean number of choices that the subject made on each trial, including the correct choice. Calculated across all trials where the subject eventually made the correct choice (simultaneous and all delays).",determine,Mean Choices Correct,0.0,singleton_title,DMS,No Condition,DMS,DMS Recommended Standard,Mean,Other,2
ai-mind-variable-descriptions_in_.csv,1,DMSL0SD,DMS > DMS Recommended Standard.DMSL0SD,DMS > DMS Recommended Standard,"Task: DMS | Variant: DMS Recommended Standard | name: DMSL0SD | description: DMS Correct Latency Standard Deviation (SD) (0 second delay): The standard deviation of response latencies for trials containing a zero second delay between the presentation of target and response stimuli, where subjects selected the correct box on their first attempt. Calculated across all assessed trials containing a zero second delay. | Decimal Places: 4","DMS Correct Latency Standard Deviation (SD) (0 second delay): The standard deviation of response latencies for trials containing a zero second delay between the presentation of target and response stimuli, where subjects selected the correct box on their first attempt. Calculated across all assessed trials containing a zero second delay.",determine,Correct Latency Standard Deviation,0.687,description_title,DMSL,0,DMS,DMS Recommended Standard,Standard Deviation,Other,4
ai-mind-variable-descriptions_in_.csv,2,DMSL12SD,DMS > DMS Recommended Standard.DMSL12SD,DMS > DMS Recommended Standard,"Task: DMS | Variant: DMS Recommended Standard | name: DMSL12SD | description: DMS Correct Latency Standard Deviation (SD) (12 second delay): The standard deviation of response latencies for trials containing a twelve second delay between the presentation of target and response stimuli, where subjects selected the correct box on their first attempt. Calculated across all assessed trials containing a twelve second delay. | Decimal Places: 4","DMS Correct Latency Standard Deviation (SD) (12 second delay): The standard deviation of response latencies for trials containing a twelve second delay between the presentation of target and response stimuli, where subjects selected the correct box on their first attempt. Calculated across all assessed trials containing a twelve second delay.",determine,Correct Latency Standard Deviation,0.687,description_title,DMSL,12,DMS,DMS Recommended Standard,Standard Deviation,Other,4
ai-mind-variable-descriptions_in_.csv,3,DMSL4SD,DMS > DMS Recommended Standard.DMSL4SD,DMS > DMS Recommended Standard,"Task: DMS | Variant: DMS Recommended Standard | name: DMSL4SD | description: DMS Correct Latency Standard Deviation (SD) (4 second delay): The standard deviation of response latencies for trials containing a four second delay between the presentation of target and response stimuli, where subjects selected the correct box on their first attempt. Calculated across all assessed trials containing a four second delay. | Decimal Places: 4","DMS Correct Latency Standard Deviation (SD) (4 second delay): The standard deviation of response latencies for trials containing a four second delay between the presentation of target and response stimuli, where subjects selected the correct box on their first attempt. Calculated across all assessed trials containing a four second delay.",determine,Correct Latency Standard Deviation,0.687,description_title,DMSL,4,DMS,DMS Recommended Standard,Standard Deviation,Other,4
ai-mind-variable-descriptions_in_.csv,4,DMSLADSD,DMS > DMS Recommended Standard.DMSLADSD,DMS > DMS Recommended Standard,"Task: DMS | Variant: DMS Recommended Standard | name: DMSLADSD | description: DMS Correct Latency Standard Deviation (SD) (all delays): The standard deviation of response latencies for trials containing a delay between the presentation of target stimulus and response stimuli, where subjects selected the correct box on their first attempt. Calculated across all assessed trials containing a delay. | Decimal Places: 4","DMS Correct Latency Standard Deviation (SD) (all delays): The standard deviation of response latencies for trials containing a delay between the presentation of target stimulus and response stimuli, where subjects selected the correct box on their first attempt. Calculated across all assessed trials containing a delay.",determine,Correct Latency Standard Deviation,0.687,description_title,DMSL,No Condition,DMS,DMS Recommended Standard,Standard Deviation,Other,4
ai-mind-variable-descriptions_in_.csv,5,DMSLSD,DMS > DMS Recommended Standard.DMSLSD,DMS > DMS Recommended Standard,Task: DMS | Variant: DMS Recommended Standard | name: DMSLSD | description: DMS Correct Latency Standard Deviation (SD): The standard deviation of response latencies for trials where subjects selected the correct box on their first attempt. Calculated across all correct assessed trials (simultaneous and all delays). | Decimal Places: 4,DMS Correct Latency Standard Deviation (SD): The standard deviation of response latencies for trials where subjects selected the correct box on their first attempt. Calculated across all correct assessed trials (simultaneous and all delays).,determine,Correct Latency Standard Deviation,0.687,description_title,DMSLS,No Condition,DMS,DMS Recommended Standard,Standard Deviation,Other,4
ai-mind-variable-descriptions_in_.csv,6,DMSLSSD,DMS > DMS Recommended Standard.DMSLSSD,DMS > DMS Recommended Standard,"Task: DMS | Variant: DMS Recommended Standard | name: DMSLSSD | description: DMS Correct Latency Standard Deviation (SD) (simultaneous): The standard deviation of response latencies for trials containing a simultaneous presentation of target and response stimuli, where subjects selected the correct box on their first attempt. Calculated across all assessed trials containing simultaneous presentations. | Decimal Places: 4","DMS Correct Latency Standard Deviation (SD) (simultaneous): The standard deviation of response latencies for trials containing a simultaneous presentation of target and response stimuli, where subjects selected the correct box on their first attempt. Calculated across all assessed trials containing simultaneous presentations.",determine,Correct Latency Standard Deviation,0.687,description_title,DMSLS,No Condition,DMS,DMS Recommended Standard,Standard Deviation,Other,4
ai-mind-variable-descriptions_in_.csv,7,DMSMDL,DMS > DMS Recommended Standard.DMSMDL,DMS > DMS Recommended Standard,Task: DMS | Variant: DMS Recommended Standard | name: DMSMDL | description: DMS Median Correct Latency: The median latency between the presentation of the response stimuli options and the subject selecting the correct box on their first attempt. Calculated across all correct assessed trials (simultaneous and all delays). | Decimal Places: 4,DMS Median Correct Latency: The median latency between the presentation of the response stimuli options and the subject selecting the correct box on their first attempt. Calculated across all correct assessed trials (simultaneous and all delays).,determine,Correct Latency Mean,0.625,keybert,DMSMDL,No Condition,DMS,DMS Recommended Standard,Median,Other,4
ai-mind-variable-descriptions_in_.csv,8,DMSMDL0,DMS > DMS Recommended Standard.DMSMDL0,DMS > DMS Recommended Standard,Task: DMS | Variant: DMS Recommended Standard | name: DMSMDL0 | description: DMS Median Correct Latency (0 seconds delay): The median latency between the presentation of the response stimuli options and the subject selecting the correct box on their first attempt for trials containing a zero second delay. Calculated across all assessed trials containing a zero second delay. | Decimal Places: 4,DMS Median Correct Latency (0 seconds delay): The median latency between the presentation of the response stimuli options and the subject selecting the correct box on their first attempt for trials containing a zero second delay. Calculated across all assessed trials containing a zero second delay.,determine,Correct Latency Mean,0.625,keybert,DMSMDL,0,DMS,DMS Recommended Standard,Median,Other,4
ai-mind-variable-descriptions_in_.csv,9,DMSMDL12,DMS > DMS Recommended Standard.DMSMDL12,DMS > DMS Recommended Standard,Task: DMS | Variant: DMS Recommended Standard | name: DMSMDL12 | description: DMS Median Correct Latency (12 seconds delay): The median latency between the presentation of the response stimuli options and the subject selecting the correct box on their first attempt for trials containing a twelve second delay. Calculated across all assessed trials containing a twelve second delay. | Decimal Places: 4,DMS Median Correct Latency (12 seconds delay): The median latency between the presentation of the response stimuli options and the subject selecting the correct box on their first attempt for trials containing a twelve second delay. Calculated across all assessed trials containing a twelve second delay.,determine,Correct Latency Mean,0.625,keybert,DMSMDL,12,DMS,DMS Recommended Standard,Median,Other,4
ai-mind-variable-descriptions_in_.csv,10,DMSMDL4,DMS > DMS Recommended Standard.DMSMDL4,DMS > DMS Recommended Standard,Task: DMS | Variant: DMS Recommended Standard | name: DMSMDL4 | description: DMS Median Correct Latency (4 seconds delay): The median latency between the presentation of the response stimuli options and the subject selecting the correct box on their first attempt for trials containing a four second delay. Calculated across all assessed trials containing a four second delay. | Decimal Places: 4,DMS Median Correct Latency (4 seconds delay): The median latency between the presentation of the response stimuli options and the subject selecting the correct box on their first attempt for trials containing a four second delay. Calculated across all assessed trials containing a four second delay.,determine,Correct Latency Mean,0.625,keybert,DMSMDL,4,DMS,DMS Recommended Standard,Median,Other,4
ai-mind-variable-descriptions_in_.csv,11,DMSMDLAD,DMS > DMS Recommended Standard.DMSMDLAD,DMS > DMS Recommended Standard,Task: DMS | Variant: DMS Recommended Standard | name: DMSMDLAD | description: DMS Median Correct Latency (all delays): The median latency between the presentation of the response stimuli options and the subject selecting the correct box on their first attempt for trials containing a delay between target and response stimuli presentation. Calculated across all assessed trials containing a delay. | Decimal Places: 4,DMS Median Correct Latency (all delays): The median latency between the presentation of the response stimuli options and the subject selecting the correct box on their first attempt for trials containing a delay between target and response stimuli presentation. Calculated across all assessed trials containing a delay.,determine,Correct Latency Mean,0.625,keybert,DMSMDL,No Condition,DMS,DMS Recommended Standard,Median,Other,4
ai-mind-variable-descriptions_in_.csv,12,DMSMDLS,DMS > DMS Recommended Standard.DMSMDLS,DMS > DMS Recommended Standard,Task: DMS | Variant: DMS Recommended Standard | name: DMSMDLS | description: DMS Median Correct Latency (simultaneous): The median latency between the presentation of the response stimuli options and the subject selecting the correct box on their first attempt for trials containing a simultaneous presentation of target and response stimuli. Calculated across all assessed trials containing simultaneous presentation. | Decimal Places: 4,DMS Median Correct Latency (simultaneous): The median latency between the presentation of the response stimuli options and the subject selecting the correct box on their first attempt for trials containing a simultaneous presentation of target and response stimuli. Calculated across all assessed trials containing simultaneous presentation.,determine,Correct Latency Mean,0.625,keybert,DMSMDL,No Condition,DMS,DMS Recommended Standard,Median,Other,4
ai-mind-variable-descriptions_in_.csv,13,DMSML,DMS > DMS Recommended Standard.DMSML,DMS > DMS Recommended Standard,Task: DMS | Variant: DMS Recommended Standard | name: DMSML | description: DMS Mean Correct Latency: The mean latency between the presentation of the response stimuli options and the subject selecting the correct box on their first attempt. Calculated across all correct assessed trials (simultaneous and all delays). | Decimal Places: 4,DMS Mean Correct Latency: The mean latency between the presentation of the response stimuli options and the subject selecting the correct box on their first attempt. Calculated across all correct assessed trials (simultaneous and all delays).,determine,Correct Latency Mean,0.625,keybert,DMSML,No Condition,DMS,DMS Recommended Standard,Mean,Other,4
ai-mind-variable-descriptions_in_.csv,14,DMSML0,DMS > DMS Recommended Standard.DMSML0,DMS > DMS Recommended Standard,Task: DMS | Variant: DMS Recommended Standard | name: DMSML0 | description: DMS Mean Correct Latency (0 seconds delay): The mean latency between the presentation of the response stimuli options and the subject selecting the correct box on their first attempt for trials containing a zero second delay. Calculated across all assessed trials containing a zero second delay. | Decimal Places: 4,DMS Mean Correct Latency (0 seconds delay): The mean latency between the presentation of the response stimuli options and the subject selecting the correct box on their first attempt for trials containing a zero second delay. Calculated across all assessed trials containing a zero second delay.,determine,Correct Latency Mean,0.625,keybert,DMSML,0,DMS,DMS Recommended Standard,Mean,Other,4
ai-mind-variable-descriptions_in_.csv,15,DMSML12,DMS > DMS Recommended Standard.DMSML12,DMS > DMS Recommended Standard,Task: DMS | Variant: DMS Recommended Standard | name: DMSML12 | description: DMS Mean Correct Latency (12 seconds delay): The mean latency between the presentation of the response stimuli options and the subject selecting the correct box on their first attempt for trials containing a twelve second delay. Calculated across all assessed trials containing a twelve second delay. | Decimal Places: 4,DMS Mean Correct Latency (12 seconds delay): The mean latency between the presentation of the response stimuli options and the subject selecting the correct box on their first attempt for trials containing a twelve second delay. Calculated across all assessed trials containing a twelve second delay.,determine,Correct Latency Mean,0.625,keybert,DMSML,12,DMS,DMS Recommended Standard,Mean,Other,4
ai-mind-variable-descriptions_in_.csv,16,DMSML4,DMS > DMS Recommended Standard.DMSML4,DMS > DMS Recommended Standard,Task: DMS | Variant: DMS Recommended Standard | name: DMSML4 | description: DMS Mean Correct Latency (4 seconds delay): The mean latency between the presentation of the response stimuli options and the subject selecting the correct box on their first attempt for trials containing a four second delay. Calculated across all assessed trials containing a four second delay. | Decimal Places: 4,DMS Mean Correct Latency (4 seconds delay): The mean latency between the presentation of the response stimuli options and the subject selecting the correct box on their first attempt for trials containing a four second delay. Calculated across all assessed trials containing a four second delay.,determine,Correct Latency Mean,0.625,keybert,DMSML,4,DMS,DMS Recommended Standard,Mean,Other,4
ai-mind-variable-descriptions_in_.csv,17,DMSMLAD,DMS > DMS Recommended Standard.DMSMLAD,DMS > DMS Recommended Standard,Task: DMS | Variant: DMS Recommended Standard | name: DMSMLAD | description: DMS Mean Correct Latency (all delays): The mean latency between the presentation of the response stimuli options and the subject selecting the correct box on their first attempt for trials containing a delay between target and response stimuli presentation. Calculated across all assessed trials containing a delay. | Decimal Places: 4,DMS Mean Correct Latency (all delays): The mean latency between the presentation of the response stimuli options and the subject selecting the correct box on their first attempt for trials containing a delay between target and response stimuli presentation. Calculated across all assessed trials containing a delay.,determine,Correct Latency Mean,0.625,keybert,DMSML,No Condition,DMS,DMS Recommended Standard,Mean,Other,4
ai-mind-variable-descriptions_in_.csv,18,DMSMLS,DMS > DMS Recommended Standard.DMSMLS,DMS > DMS Recommended Standard,Task: DMS | Variant: DMS Recommended Standard | name: DMSMLS | description: DMS Mean Correct Latency (simultaneous): The mean latency between the presentation of the response stimuli options and the subject selecting the correct box on their first attempt for trials containing a simultaneous presentation of target and response stimuli. Calculated across all assessed trials containing simultaneous presentation. | Decimal Places: 4,DMS Mean Correct Latency (simultaneous): The mean latency between the presentation of the response stimuli options and the subject selecting the correct box on their first attempt for trials containing a simultaneous presentation of target and response stimuli. Calculated across all assessed trials containing simultaneous presentation.,determine,Correct Latency Mean,0.625,keybert,DMSML,No Condition,DMS,DMS Recommended Standard,Mean,Other,4
ai-mind-variable-descriptions_in_.csv,19,DMSPC,DMS > DMS Recommended Standard.DMSPC,DMS > DMS Recommended Standard,Task: DMS | Variant: DMS Recommended Standard | name: DMSPC | description: DMS Percent Correct: The percentage of assessment trials during which the subject chose the correct box on their first box choice. Calculated across all assessed trials (simultaneous presentation and all delays). | Decimal Places: 0,DMS Percent Correct: The percentage of assessment trials during which the subject chose the correct box on their first box choice. Calculated across all assessed trials (simultaneous presentation and all delays).,determine,Percent Correct Percentage,0.54,keybert,DMSPC,No Condition,DMS,DMS Recommended Standard,Percent,Other,0
ai-mind-variable-descriptions_in_.csv,20,DMSPC0,DMS > DMS Recommended Standard.DMSPC0,DMS > DMS Recommended Standard,Task: DMS | Variant: DMS Recommended Standard | name: DMSPC0 | description: KEY: DMS Percent Correct (0 seconds delay): The percentage of assessment trials containing a zero second delay during which the subject chose the correct box on their first box choice. Calculated across all assessed trials containing a zero second delay. | Decimal Places: 0,KEY: DMS Percent Correct (0 seconds delay): The percentage of assessment trials containing a zero second delay during which the subject chose the correct box on their first box choice. Calculated across all assessed trials containing a zero second delay.,determine,Percent Correct Percentage,0.54,keybert,DMSPC,0,DMS,DMS Recommended Standard,Percent,Other,0
ai-mind-variable-descriptions_in_.csv,21,DMSPC12,DMS > DMS Recommended Standard.DMSPC12,DMS > DMS Recommended Standard,Task: DMS | Variant: DMS Recommended Standard | name: DMSPC12 | description: KEY: DMS Percent Correct (12 second delay): The percentage of assessment trials containing a twelve second delay during which the subject chose the correct box on their first box choice. Calculated across all assessed trials containing a twelve second delay. | Decimal Places: 0,KEY: DMS Percent Correct (12 second delay): The percentage of assessment trials containing a twelve second delay during which the subject chose the correct box on their first box choice. Calculated across all assessed trials containing a twelve second delay.,determine,Percent Correct Percentage,0.54,keybert,DMSPC,12,DMS,DMS Recommended Standard,Percent,Other,0
ai-mind-variable-descriptions_in_.csv,22,DMSPC4,DMS > DMS Recommended Standard.DMSPC4,DMS > DMS Recommended Standard,Task: DMS | Variant: DMS Recommended Standard | name: DMSPC4 | description: KEY: DMS Percent Correct (4 second delay): The percentage of assessment trials containing a four second delay during which the subject chose the correct box on their first box choice. Calculated across all assessed trials containing a four second delay. | Decimal Places: 0,KEY: DMS Percent Correct (4 second delay): The percentage of assessment trials containing a four second delay during which the subject chose the correct box on their first box choice. Calculated across all assessed trials containing a four second delay.,determine,Percent Correct Percentage,0.54,keybert,DMSPC,4,DMS,DMS Recommended Standard,Percent,Other,0
ai-mind-variable-descriptions_in_.csv,23,DMSPCAD,DMS > DMS Recommended Standard.DMSPCAD,DMS > DMS Recommended Standard,Task: DMS | Variant: DMS Recommended Standard | name: DMSPCAD | description: KEY: DMS Percent Correct (all delays): The percentage of assessment trials containing a delay during which the subject chose the correct box on their first box choice. Calculated across all assessed trials containing a delay. | Decimal Places: 0,KEY: DMS Percent Correct (all delays): The percentage of assessment trials containing a delay during which the subject chose the correct box on their first box choice. Calculated across all assessed trials containing a delay.,determine,Percent Correct Percentage,0.54,keybert,DMSPC,No Condition,DMS,DMS Recommended Standard,Percent,Other,0
ai-mind-variable-descriptions_in_.csv,24,DMSPCS,DMS > DMS Recommended Standard.DMSPCS,DMS > DMS Recommended Standard,Task: DMS | Variant: DMS Recommended Standard | name: DMSPCS | description: KEY: DMS Percent Correct (simultaneous): The percentage of assessment trials where the target and response stimuli were presented simultaneously during which the subject chose the correct box on their first box choice. Calculated across all assessed trials containing the simultaneous presentation of stimuli. | Decimal Places: 0,KEY: DMS Percent Correct (simultaneous): The percentage of assessment trials where the target and response stimuli were presented simultaneously during which the subject chose the correct box on their first box choice. Calculated across all assessed trials containing the simultaneous presentation of stimuli.,determine,Percent Correct Percentage,0.54,keybert,DMSPC,No Condition,DMS,DMS Recommended Standard,Percent,Other,0
ai-mind-variable-descriptions_in_.csv,25,DMSPEGC,DMS > DMS Recommended Standard.DMSPEGC,DMS > DMS Recommended Standard,Task: DMS | Variant: DMS Recommended Standard | name: DMSPEGC | description: DMS Probability of Error Given Correct: This measure reports the probability of an error being made when the previous trial was responded to correctly by the subject. Calculated across all assessed trials (simultaneous and all delays). | Decimal Places: 4,DMS Probability of Error Given Correct: This measure reports the probability of an error being made when the previous trial was responded to correctly by the subject. Calculated across all assessed trials (simultaneous and all delays).,determine,Probability Error Occurring,0.619,keybert,DMSPEG,No Condition,DMS,DMS Recommended Standard,Probability,Error,4
ai-mind-variable-descriptions_in_.csv,26,DMSPEGE,DMS > DMS Recommended Standard.DMSPEGE,DMS > DMS Recommended Standard,Task: DMS | Variant: DMS Recommended Standard | name: DMSPEGE | description: KEY: DMS Probability of Error Given Error: This measure reports the probability of an error occurring when the previous trial was responded to incorrectly. Calculated across all assessed trials (simultaneous and all delays). | Decimal Places: 4,KEY: DMS Probability of Error Given Error: This measure reports the probability of an error occurring when the previous trial was responded to incorrectly. Calculated across all assessed trials (simultaneous and all delays).,determine,Probability Error Occurring,0.619,keybert,DMSPEG,No Condition,DMS,DMS Recommended Standard,Probability,Error,4
ai-mind-variable-descriptions_in_.csv,27,DMSTC,DMS > DMS Recommended Standard.DMSTC,DMS > DMS Recommended Standard,Task: DMS | Variant: DMS Recommended Standard | name: DMSTC | description: DMS Total Correct: The total number of times a subject chose the correct answer on their first box choice. Calculated across all assessed trials (simultaneous presentation and all delays). | Decimal Places: 0,DMS Total Correct: The total number of times a subject chose the correct answer on their first box choice. Calculated across all assessed trials (simultaneous presentation and all delays).,determine,Total Correct,0.507,description_title,DMSTC,No Condition,DMS,DMS Recommended Standard,Total,Other,0
ai-mind-variable-descriptions_in_.csv,28,DMSTC0,DMS > DMS Recommended Standard.DMSTC0,DMS > DMS Recommended Standard,Task: DMS | Variant: DMS Recommended Standard | name: DMSTC0 | description: DMS Total Correct (0 second delay): The total number of times a subject chose the correct answer on their first box choice for trials where the response stimuli appeared on screen after a 0 second delay after the target stimulus was shown. Calculated across all assessed trials which contained a delay of zero seconds. | Decimal Places: 0,DMS Total Correct (0 second delay): The total number of times a subject chose the correct answer on their first box choice for trials where the response stimuli appeared on screen after a 0 second delay after the target stimulus was shown. Calculated across all assessed trials which contained a delay of zero seconds.,determine,Total Correct,0.507,description_title,DMSTC,0,DMS,DMS Recommended Standard,Total,Other,0
ai-mind-variable-descriptions_in_.csv,29,DMSTC12,DMS > DMS Recommended Standard.DMSTC12,DMS > DMS Recommended Standard,Task: DMS | Variant: DMS Recommended Standard | name: DMSTC12 | description: DMS Total Correct (12 second delay): The total number of times a subject chose the correct answer on their first box choice for trials where the response stimuli appeared on screen after a 12 second delay after the target stimulus was shown. Calculated across all assessed trials which contained a delay of twelve seconds. | Decimal Places: 0,DMS Total Correct (12 second delay): The total number of times a subject chose the correct answer on their first box choice for trials where the response stimuli appeared on screen after a 12 second delay after the target stimulus was shown. Calculated across all assessed trials which contained a delay of twelve seconds.,determine,Total Correct,0.507,description_title,DMSTC,12,DMS,DMS Recommended Standard,Total,Other,0
ai-mind-variable-descriptions_in_.csv,30,DMSTC4,DMS > DMS Recommended Standard.DMSTC4,DMS > DMS Recommended Standard,Task: DMS | Variant: DMS Recommended Standard | name: DMSTC4 | description: DMS Total Correct (4 second delay): The total number of times a subject chose the correct answer on their first box choice for trials where the response stimuli appeared on screen after a 4 second delay after the target stimulus was shown. Calculated across all assessed trials which contained a delay of four seconds. | Decimal Places: 0,DMS Total Correct (4 second delay): The total number of times a subject chose the correct answer on their first box choice for trials where the response stimuli appeared on screen after a 4 second delay after the target stimulus was shown. Calculated across all assessed trials which contained a delay of four seconds.,determine,Total Correct,0.507,description_title,DMSTC,4,DMS,DMS Recommended Standard,Total,Other,0
ai-mind-variable-descriptions_in_.csv,31,DMSTCAD,DMS > DMS Recommended Standard.DMSTCAD,DMS > DMS Recommended Standard,Task: DMS | Variant: DMS Recommended Standard | name: DMSTCAD | description: DMS Total Correct (all delays): The total number of times a subject chose the correct answer on their first box choice for all trials where the response stimuli were presented after a delay. Calculated across all assessed trials containing a delay. | Decimal Places: 0,DMS Total Correct (all delays): The total number of times a subject chose the correct answer on their first box choice for all trials where the response stimuli were presented after a delay. Calculated across all assessed trials containing a delay.,determine,Total Correct,0.507,description_title,DMSTC,No Condition,DMS,DMS Recommended Standard,Total,Other,0
ai-mind-variable-descriptions_in_.csv,32,DMSTCS,DMS > DMS Recommended Standard.DMSTCS,DMS > DMS Recommended Standard,Task: DMS | Variant: DMS Recommended Standard | name: DMSTCS | description: DMS Total Correct (simultaneous): The total number of times a subject chose the correct answer on their first box choice for trials where the target stimulus and response stimuli appeared on screen simultaneously. Calculated across all assessed trials that included a simultaneous presentation (no delay) of target and response stimuli. | Decimal Places: 0,DMS Total Correct (simultaneous): The total number of times a subject chose the correct answer on their first box choice for trials where the target stimulus and response stimuli appeared on screen simultaneously. Calculated across all assessed trials that included a simultaneous presentation (no delay) of target and response stimuli.,determine,Total Correct,0.507,description_title,DMSTC,No Condition,DMS,DMS Recommended Standard,Total,Other,0
ai-mind-variable-descriptions_in_.csv,33,DMSTE,DMS > DMS Recommended Standard.DMSTE,DMS > DMS Recommended Standard,"Task: DMS | Variant: DMS Recommended Standard | name: DMSTE | description: DMS Total Errors: The total number of times a subject failed to choose the correct box on their first selection, thus making an error. Calculated across all assessed trials (simultaneous and all delays) regardless of which incorrect box (out of the 3 possible incorrect boxes) was chosen. | Decimal Places: 0","DMS Total Errors: The total number of times a subject failed to choose the correct box on their first selection, thus making an error. Calculated across all assessed trials (simultaneous and all delays) regardless of which incorrect box (out of the 3 possible incorrect boxes) was chosen.",determine,Errors Total,0.604,keybert,DMSTE,No Condition,DMS,DMS Recommended Standard,Total,Errors,0
ai-mind-variable-descriptions_in_.csv,34,DMSTEAD,DMS > DMS Recommended Standard.DMSTEAD,DMS > DMS Recommended Standard,Task: DMS | Variant: DMS Recommended Standard | name: DMSTEAD | description: DMS Total Errors (all delays): The total number of times a subject failed to choose the correct box on their first selection for any trial containing a delay between the presentation of the target stimulus and response stimuli. Calculated across all assessed trials containing a delay component. | Decimal Places: 0,DMS Total Errors (all delays): The total number of times a subject failed to choose the correct box on their first selection for any trial containing a delay between the presentation of the target stimulus and response stimuli. Calculated across all assessed trials containing a delay component.,determine,Errors Total,0.604,keybert,DMSTE,No Condition,DMS,DMS Recommended Standard,Total,Errors,0
ai-mind-variable-descriptions_in_.csv,35,DMSTEC,DMS > DMS Recommended Standard.DMSTEC,DMS > DMS Recommended Standard,"Task: DMS | Variant: DMS Recommended Standard | name: DMSTEC | description: DMS Error (incorrect colour): The number of times that the subject failed to select the correct box on their first selection, and instead chose the distractor stimulus that contained the same pattern/ physical attributes, but different colours. Calculated across all assessed trials (simultaneous and all delays). | Decimal Places: 0","DMS Error (incorrect colour): The number of times that the subject failed to select the correct box on their first selection, and instead chose the distractor stimulus that contained the same pattern/ physical attributes, but different colours. Calculated across all assessed trials (simultaneous and all delays).",determine,Error,0.447,description_title,DMSTEC,No Condition,DMS,DMS Recommended Standard,Other,Error,0
ai-mind-variable-descriptions_in_.csv,36,DMSTECAD,DMS > DMS Recommended Standard.DMSTECAD,DMS > DMS Recommended Standard,"Task: DMS | Variant: DMS Recommended Standard | name: DMSTECAD | description: DMS Error (all delays, incorrect colour): The number of times that the subject failed to select the correct box on their first selection, and instead chose the distractor stimulus that contained the same colour elements, but different physical attributes. Calculated across all assessed trials which contained a delay component. | Decimal Places: 0","DMS Error (all delays, incorrect colour): The number of times that the subject failed to select the correct box on their first selection, and instead chose the distractor stimulus that contained the same colour elements, but different physical attributes. Calculated across all assessed trials which contained a delay component.",determine,Error,0.447,description_title,DMSTEC,No Condition,DMS,DMS Recommended Standard,Other,Error,0
ai-mind-variable-descriptions_in_.csv,37,DMSTED,DMS > DMS Recommended Standard.DMSTED,DMS > DMS Recommended Standard,"Task: DMS | Variant: DMS Recommended Standard | name: DMSTED | description: DMS Error (distractor): The number of times that the subject failed to select the correct box on their first selection, and instead chose the distractor stimulus that contained no common elements to the original target stimulus. Calculated across all assessed trials (simultaneous and all delays). | Decimal Places: 0","DMS Error (distractor): The number of times that the subject failed to select the correct box on their first selection, and instead chose the distractor stimulus that contained no common elements to the original target stimulus. Calculated across all assessed trials (simultaneous and all delays).",determine,Error,0.447,description_title,DMSTED,No Condition,DMS,DMS Recommended Standard,Other,Error,0
ai-mind-variable-descriptions_in_.csv,38,DMSTEDAD,DMS > DMS Recommended Standard.DMSTEDAD,DMS > DMS Recommended Standard,"Task: DMS | Variant: DMS Recommended Standard | name: DMSTEDAD | description: DMS Error (all delays, distractor): The number of times that the subject failed to select the correct box on their first selection, and instead chose the distractor stimulus that contained no common elements to the original target stimulus. Calculated across all assessed trials which contained a delay component. | Decimal Places: 0","DMS Error (all delays, distractor): The number of times that the subject failed to select the correct box on their first selection, and instead chose the distractor stimulus that contained no common elements to the original target stimulus. Calculated across all assessed trials which contained a delay component.",determine,Error,0.447,description_title,DMSTED,No Condition,DMS,DMS Recommended Standard,Other,Error,0
ai-mind-variable-descriptions_in_.csv,39,DMSTEP,DMS > DMS Recommended Standard.DMSTEP,DMS > DMS Recommended Standard,"Task: DMS | Variant: DMS Recommended Standard | name: DMSTEP | description: DMS Error (incorrect pattern): The number of times that the subject failed to select the correct box on their first selection, and instead chose the distractor stimulus that contained the same colour elements, but different pattern/ physical attributes. Calculated across all assessed trials (simultaneous and all delays). | Decimal Places: 0","DMS Error (incorrect pattern): The number of times that the subject failed to select the correct box on their first selection, and instead chose the distractor stimulus that contained the same colour elements, but different pattern/ physical attributes. Calculated across all assessed trials (simultaneous and all delays).",determine,Error,0.447,description_title,DMSTEP,No Condition,DMS,DMS Recommended Standard,Other,Error,0
ai-mind-variable-descriptions_in_.csv,40,DMSTEPAD,DMS > DMS Recommended Standard.DMSTEPAD,DMS > DMS Recommended Standard,"Task: DMS | Variant: DMS Recommended Standard | name: DMSTEPAD | description: DMS Error (all delays, incorrect pattern): The number of times that the subject failed to select the correct box on their first selection, and instead chose the distractor stimulus that contained the same pattern/ physical attributes, but different colour elements. Calculated across all assessed trials which contained a delay component. | Decimal Places: 0","DMS Error (all delays, incorrect pattern): The number of times that the subject failed to select the correct box on their first selection, and instead chose the distractor stimulus that contained the same pattern/ physical attributes, but different colour elements. Calculated across all assessed trials which contained a delay component.",determine,Error,0.447,description_title,DMSTEP,No Condition,DMS,DMS Recommended Standard,Other,Error,0
ai-mind-variable-descriptions_in_.csv,41,MOTML,MOT > MOT Tone 2.0.MOTML,MOT > MOT Tone 2.0,Task: MOT | Variant: MOT Tone 2.0 | name: MOTML | description: The mean latency from the display of a stimulus to a correct response to that stimulus during assessment trials. | Decimal Places: 1,The mean latency from the display of a stimulus to a correct response to that stimulus during assessment trials.,determine,Latency Display Stimulus,0.418,keybert,MOT,No Condition,MOT,MOT Tone 2.0,Mean,Other,1
ai-mind-variable-descriptions_in_.csv,42,MOTSDL,MOT > MOT Tone 2.0.MOTSDL,MOT > MOT Tone 2.0,"Task: MOT | Variant: MOT Tone 2.0 | name: MOTSDL | description: This is the standard deviation of the latency, calculated from the display of a stimulus to a correct response to that stimulus during assessment trials. | Decimal Places: 2","This is the standard deviation of the latency, calculated from the display of a stimulus to a correct response to that stimulus during assessment trials.",determine,Latency Display Stimulus,0.418,keybert,MOT,No Condition,MOT,MOT Tone 2.0,Standard Deviation,Other,2
ai-mind-variable-descriptions_in_.csv,43,MOTTC,MOT > MOT Tone 2.0.MOTTC,MOT > MOT Tone 2.0,Task: MOT | Variant: MOT Tone 2.0 | name: MOTTC | description: The total number of assessment trials on which the subject made a correct response. | Decimal Places: 0,MOT The total number of assessment trials on which the subject made a correct response.,determine,Total Assessment Trials,0.313,keybert,MOTT,No Condition,MOT,MOT Tone 2.0,Total,Other,0
ai-mind-variable-descriptions_in_.csv,44,MOTTE,MOT > MOT Tone 2.0.MOTTE,MOT > MOT Tone 2.0,Task: MOT | Variant: MOT Tone 2.0 | name: MOTTE | description: The total number of assessment trials on which the subject failed to make a correct response. | Decimal Places: 0,MOT The total number of assessment trials on which the subject failed to make a correct response.,determine,Total Assessment Trials,0.313,keybert,MOTT,No Condition,MOT,MOT Tone 2.0,Total,Other,0
ai-mind-variable-descriptions_in_.csv,45,PALFAMS28,PAL > PAL Recommended Standard Extended.PALFAMS28,PAL > PAL Recommended Standard Extended,"Task: PAL | Variant: PAL Recommended Standard Extended | name: PALFAMS28 | description: KEY: PAL First Attempt Memory Score: The number of times a subject chose the correct box on their first attempt when recalling the pattern locations. Calculated across assessed trials, omitting 12 box level to provide a direct comparison to Recommended Standard.. | Decimal Places: 0","KEY: PAL First Attempt Memory Score: The number of times a subject chose the correct box on their first attempt when recalling the pattern locations. Calculated across assessed trials, omitting 12 box level to provide a direct comparison to Recommended Standard..",determine,First Attempt Memory,0.0,singleton_title,PAL,28,PAL,PAL Recommended Standard Extended,Other,Other,0
ai-mind-variable-descriptions_in_.csv,46,PALMETS28,PAL > PAL Recommended Standard Extended.PALMETS28,PAL > PAL Recommended Standard Extended,Task: PAL | Variant: PAL Recommended Standard Extended | name: PALMETS28 | description: PAL Mean Errors to Success: The mean number of attempts made by a subject needed for them to successfully complete the stage.  Does not include 12 box level to provide a direct comparison to Recommended Standard. | Decimal Places: 0,PAL Mean Errors to Success: The mean number of attempts made by a subject needed for them to successfully complete the stage.  Does not include 12 box level to provide a direct comparison to Recommended Standard.,determine,Mean Errors Success,0.0,singleton_title,PAL,28,PAL,PAL Recommended Standard Extended,Mean,Errors,0
ai-mind-variable-descriptions_in_.csv,47,PALNPR28,PAL > PAL Recommended Standard Extended.PALNPR28,PAL > PAL Recommended Standard Extended,Task: PAL | Variant: PAL Recommended Standard Extended | name: PALNPR28 | description: PAL Number of Patterns Reached: The number of patterns presented to the subject on the last problem they reached. | Decimal Places: 0,PAL Number of Patterns Reached: The number of patterns presented to the subject on the last problem they reached.,determine,Patterns Reached,0.0,singleton_title,PAL,28,PAL,PAL Recommended Standard Extended,Other,Other,0
ai-mind-variable-descriptions_in_.csv,48,PALTA12,PAL > PAL Recommended Standard Extended.PALTA12,PAL > PAL Recommended Standard Extended,Task: PAL | Variant: PAL Recommended Standard Extended | name: PALTA12 | description: PAL Total Attempts 12 Patterns: The total number of attempts made (but not necessarily completed) by the subject during assessment problems containing a total of 12 shapes to recall. | Decimal Places: 0,PAL Total Attempts 12 Patterns: The total number of attempts made (but not necessarily completed) by the subject during assessment problems containing a total of 12 shapes to recall.,determine,Total Attempts Made,0.605,keybert,PALTA,12,PAL,PAL Recommended Standard Extended,Total,Other,0
ai-mind-variable-descriptions_in_.csv,49,PALTA2,PAL > PAL Recommended Standard Extended.PALTA2,PAL > PAL Recommended Standard Extended,Task: PAL | Variant: PAL Recommended Standard Extended | name: PALTA2 | description: PAL Total Attempts 2 Patterns: The total number of attempts made (but not necessarily completed) by the subject during assessment problems containing a total of 2 shapes to recall. | Decimal Places: 0,PAL Total Attempts 2 Patterns: The total number of attempts made (but not necessarily completed) by the subject during assessment problems containing a total of 2 shapes to recall.,determine,Total Attempts Made,0.605,keybert,PALTA,2,PAL,PAL Recommended Standard Extended,Total,Other,0
ai-mind-variable-descriptions_in_.csv,50,PALTA28,PAL > PAL Recommended Standard Extended.PALTA28,PAL > PAL Recommended Standard Extended,Task: PAL | Variant: PAL Recommended Standard Extended | name: PALTA28 | description: PAL Total Attempts: The total number of attempts made (but not necessarily completed) by the subject during assessment problems.  Does not include 12 box level to provide a direct comparison to Recommended Standard. | Decimal Places: 0,PAL Total Attempts: The total number of attempts made (but not necessarily completed) by the subject during assessment problems.  Does not include 12 box level to provide a direct comparison to Recommended Standard.,determine,Total Attempts Made,0.605,keybert,PALTA,28,PAL,PAL Recommended Standard Extended,Total,Other,0
ai-mind-variable-descriptions_in_.csv,51,PALTA4,PAL > PAL Recommended Standard Extended.PALTA4,PAL > PAL Recommended Standard Extended,Task: PAL | Variant: PAL Recommended Standard Extended | name: PALTA4 | description: PAL Total Attempts 4 patterns: The total number of attempts made (but not necessarily completed) by the subject during assessment problems containing a total of 4 shapes to recall. | Decimal Places: 0,PAL Total Attempts 4 patterns: The total number of attempts made (but not necessarily completed) by the subject during assessment problems containing a total of 4 shapes to recall.,determine,Total Attempts Made,0.605,keybert,PALTA,4,PAL,PAL Recommended Standard Extended,Total,Other,0
ai-mind-variable-descriptions_in_.csv,52,PALTA6,PAL > PAL Recommended Standard Extended.PALTA6,PAL > PAL Recommended Standard Extended,Task: PAL | Variant: PAL Recommended Standard Extended | name: PALTA6 | description: PAL Total Attempts 6 Patterns: The total number of attempts made (but not necessarily completed) by the subject during assessment problems containing a total of 6 shapes to recall. | Decimal Places: 0,PAL Total Attempts 6 Patterns: The total number of attempts made (but not necessarily completed) by the subject during assessment problems containing a total of 6 shapes to recall.,determine,Total Attempts Made,0.605,keybert,PALTA,6,PAL,PAL Recommended Standard Extended,Total,Other,0
ai-mind-variable-descriptions_in_.csv,53,PALTA8,PAL > PAL Recommended Standard Extended.PALTA8,PAL > PAL Recommended Standard Extended,Task: PAL | Variant: PAL Recommended Standard Extended | name: PALTA8 | description: PAL Total Attempts 8 Patterns: The total number of attempts made (but not necessarily completed) by the subject during assessment problems containing a total of 8 shapes to recall. | Decimal Places: 0,PAL Total Attempts 8 Patterns: The total number of attempts made (but not necessarily completed) by the subject during assessment problems containing a total of 8 shapes to recall.,determine,Total Attempts Made,0.605,keybert,PALTA,8,PAL,PAL Recommended Standard Extended,Total,Other,0
ai-mind-variable-descriptions_in_.csv,54,PALTE12,PAL > PAL Recommended Standard Extended.PALTE12,PAL > PAL Recommended Standard Extended,Task: PAL | Variant: PAL Recommended Standard Extended | name: PALTE12 | description: PAL Total Errors 12 Patterns: The total number of times a subject selected an incorrect box when attempting to recall a pattern location on trials containing a total of 12 patterns. Calculated across all 12-pattern assessed trials. | Decimal Places: 0,chose the incorrect box for a stimulus on assessment problems PAL Total Errors 12 Patterns: The total number of times a subject selected an incorrect box when attempting to recall a pattern location on trials containing a total of 12 patterns. Calculated across all 12-pattern assessed trials.,determine,Errors Patterns Total,0.296,keybert,PALTE,12,PAL,PAL Recommended Standard Extended,Total,Incorrect,0
ai-mind-variable-descriptions_in_.csv,55,PALTE2,PAL > PAL Recommended Standard Extended.PALTE2,PAL > PAL Recommended Standard Extended,Task: PAL | Variant: PAL Recommended Standard Extended | name: PALTE2 | description: PAL Total Errors 2 Patterns: The total number of times a subject selected an incorrect box when attempting to recall a pattern location on trials containing a total of 2 patterns. Calculated across all 2-pattern assessed trials. | Decimal Places: 0,chose the incorrect box for a stimulus on assessment problems PAL Total Errors 2 Patterns: The total number of times a subject selected an incorrect box when attempting to recall a pattern location on trials containing a total of 2 patterns. Calculated across all 2-pattern assessed trials.,determine,Errors Patterns Total,0.296,keybert,PALTE,2,PAL,PAL Recommended Standard Extended,Total,Incorrect,0
ai-mind-variable-descriptions_in_.csv,56,PALTE28,PAL > PAL Recommended Standard Extended.PALTE28,PAL > PAL Recommended Standard Extended,Task: PAL | Variant: PAL Recommended Standard Extended | name: PALTE28 | description: PAL Total Errors: The total number of times a subject selected an incorrect box when attempting to recall a pattern location. Calculated across all assessed trials.  Does not include 12 box level to provide a direct comparison to Recommended Standard. | Decimal Places: 0,chose the incorrect box for a stimulus on assessment problems PAL Total Errors: The total number of times a subject selected an incorrect box when attempting to recall a pattern location. Calculated across all assessed trials.  Does not include 12 box level to provide a direct comparison to Recommended Standard.,determine,Errors Patterns Total,0.296,keybert,PALTE,28,PAL,PAL Recommended Standard Extended,Total,Incorrect,0
ai-mind-variable-descriptions_in_.csv,57,PALTE4,PAL > PAL Recommended Standard Extended.PALTE4,PAL > PAL Recommended Standard Extended,Task: PAL | Variant: PAL Recommended Standard Extended | name: PALTE4 | description: PAL Total Errors 4 Patterns: The total number of times a subject selected an incorrect box when attempting to recall a pattern location on trials containing a total of 4 patterns. Calculated across all 4-pattern assessed trials. | Decimal Places: 0,chose the incorrect box for a stimulus on assessment problems PAL Total Errors 4 Patterns: The total number of times a subject selected an incorrect box when attempting to recall a pattern location on trials containing a total of 4 patterns. Calculated across all 4-pattern assessed trials.,determine,Errors Patterns Total,0.296,keybert,PALTE,4,PAL,PAL Recommended Standard Extended,Total,Incorrect,0
ai-mind-variable-descriptions_in_.csv,58,PALTE6,PAL > PAL Recommended Standard Extended.PALTE6,PAL > PAL Recommended Standard Extended,Task: PAL | Variant: PAL Recommended Standard Extended | name: PALTE6 | description: PAL Total Errors 6 Patterns: The total number of times a subject selected an incorrect box when attempting to recall a pattern location on trials containing a total of 6 patterns. Calculated across all 6-pattern assessed trials. | Decimal Places: 0,chose the incorrect box for a stimulus on assessment problems PAL Total Errors 6 Patterns: The total number of times a subject selected an incorrect box when attempting to recall a pattern location on trials containing a total of 6 patterns. Calculated across all 6-pattern assessed trials.,determine,Errors Patterns Total,0.296,keybert,PALTE,6,PAL,PAL Recommended Standard Extended,Total,Incorrect,0
ai-mind-variable-descriptions_in_.csv,59,PALTE8,PAL > PAL Recommended Standard Extended.PALTE8,PAL > PAL Recommended Standard Extended,Task: PAL | Variant: PAL Recommended Standard Extended | name: PALTE8 | description: PAL Total Errors 8 Patterns: The total number of times a subject selected an incorrect box when attempting to recall a pattern location on trials containing a total of 8 patterns. Calculated across all 8-pattern assessed trials. | Decimal Places: 0,chose the incorrect box for a stimulus on assessment problems PAL Total Errors 8 Patterns: The total number of times a subject selected an incorrect box when attempting to recall a pattern location on trials containing a total of 8 patterns. Calculated across all 8-pattern assessed trials.,determine,Errors Patterns Total,0.296,keybert,PALTE,8,PAL,PAL Recommended Standard Extended,Total,Incorrect,0
ai-mind-variable-descriptions_in_.csv,60,PALTEA12,PAL > PAL Recommended Standard Extended.PALTEA12,PAL > PAL Recommended Standard Extended,"Task: PAL | Variant: PAL Recommended Standard Extended | name: PALTEA12 | description: PAL Total Errors 12 Shapes (Adjusted): The number of times the subject chose the incorrect box for a stimulus on assessment problems, where the number of shapes was equal to 12 (PALTE12), plus an adjustment for the estimated number of errors they would have made on any other 12 pattern problems, attempts and recalls they did not reach. | Decimal Places: 0","does not include PAL Total Errors 12 Shapes (Adjusted): The number of times the subject chose the incorrect box for a stimulus on assessment problems, where the number of shapes was equal to 12 (PALTE12), plus an adjustment for the estimated number of errors they would have made on any other 12 pattern problems, attempts and recalls they did not reach.",determine,Include Total Errors Shapes,0.609,description_title,PALTEA,12,PAL,PAL Recommended Standard Extended,Total,Errors,0
ai-mind-variable-descriptions_in_.csv,61,PALTEA2,PAL > PAL Recommended Standard Extended.PALTEA2,PAL > PAL Recommended Standard Extended,"Task: PAL | Variant: PAL Recommended Standard Extended | name: PALTEA2 | description: PAL Total Errors 2 Shapes (Adjusted): The number of times the subject chose the incorrect box for a stimulus on assessment problems, where the number of shapes required to remember was equal to 2 (PALTE2), plus an adjustment for the estimated number of errors they would have made on any other 2 pattern problems, attempts and recalls they did not reach. | Decimal Places: 0","does not include PAL Total Errors 2 Shapes (Adjusted): The number of times the subject chose the incorrect box for a stimulus on assessment problems, where the number of shapes required to remember was equal to 2 (PALTE2), plus an adjustment for the estimated number of errors they would have made on any other 2 pattern problems, attempts and recalls they did not reach.",determine,Include Total Errors Shapes,0.609,description_title,PALTEA,2,PAL,PAL Recommended Standard Extended,Total,Errors,0
ai-mind-variable-descriptions_in_.csv,62,PALTEA28,PAL > PAL Recommended Standard Extended.PALTEA28,PAL > PAL Recommended Standard Extended,"Task: PAL | Variant: PAL Recommended Standard Extended | name: PALTEA28 | description: KEY: PAL Total Errors (Adjusted): The number of times the subject chose the incorrect box for a stimulus on assessment problems (PALTE), plus an adjustment for the estimated number of errors they would have made on any problems, attempts and recalls they did not reach. This measure allows you to compare performance on errors made across all subjects regardless of those who terminated early versus those completing the final stage of the task.  In this task variant PALTEA does not include 12 box level to provide a direct comparison to Recommended Standard. | Decimal Places: 0","KEY: PAL Total Errors (Adjusted): The number of times the subject chose the incorrect box for a stimulus on assessment problems (PALTE), plus an adjustment for the estimated number of errors they would have made on any problems, attempts and recalls they did not reach. This measure allows you to compare performance on errors made across all subjects regardless of those who terminated early versus those completing the final stage of the task.  In this task variant PALTEA does not include 12 box level to provide a direct comparison to Recommended Standard.",determine,Total Errors,0.0,singleton_title,PALTEA,28,PAL,PAL Recommended Standard Extended,Total,Errors,0
ai-mind-variable-descriptions_in_.csv,63,PALTEA4,PAL > PAL Recommended Standard Extended.PALTEA4,PAL > PAL Recommended Standard Extended,"Task: PAL | Variant: PAL Recommended Standard Extended | name: PALTEA4 | description: PAL Total Errors 4 Shapes (Adjusted): The number of times the subject chose the incorrect box for a stimulus on assessment problems, where the number of shapes was equal to 4 (PALTE4), plus an adjustment for the estimated number of errors they would have made on any other 4 pattern problems, attempts and recalls they did not reach. | Decimal Places: 0","does not include PAL Total Errors 4 Shapes (Adjusted): The number of times the subject chose the incorrect box for a stimulus on assessment problems, where the number of shapes was equal to 4 (PALTE4), plus an adjustment for the estimated number of errors they would have made on any other 4 pattern problems, attempts and recalls they did not reach.",determine,Include Total Errors Shapes,0.609,description_title,PALTEA,4,PAL,PAL Recommended Standard Extended,Total,Errors,0
ai-mind-variable-descriptions_in_.csv,64,PALTEA6,PAL > PAL Recommended Standard Extended.PALTEA6,PAL > PAL Recommended Standard Extended,"Task: PAL | Variant: PAL Recommended Standard Extended | name: PALTEA6 | description: PAL Total Errors 6 Shapes (Adjusted): The number of times the subject chose the incorrect box for a stimulus on assessment problems, where the number of shapes was equal to 6 (PALTE6), plus an adjustment for the estimated number of errors they would have made on any other 6 pattern problems, attempts and recalls they did not reach. | Decimal Places: 0","does not include PAL Total Errors 6 Shapes (Adjusted): The number of times the subject chose the incorrect box for a stimulus on assessment problems, where the number of shapes was equal to 6 (PALTE6), plus an adjustment for the estimated number of errors they would have made on any other 6 pattern problems, attempts and recalls they did not reach.",determine,Include Total Errors Shapes,0.609,description_title,PALTEA,6,PAL,PAL Recommended Standard Extended,Total,Errors,0
ai-mind-variable-descriptions_in_.csv,65,PALTEA8,PAL > PAL Recommended Standard Extended.PALTEA8,PAL > PAL Recommended Standard Extended,"Task: PAL | Variant: PAL Recommended Standard Extended | name: PALTEA8 | description: PAL Total Errors 8 Shapes (Adjusted): The number of times the subject chose the incorrect box for a stimulus on assessment problems, where the number of shapes was equal to 8 (PALTE8), plus an adjustment for the estimated number of errors they would have made on any other 8 pattern problems, attempts and recalls they did not reach. | Decimal Places: 0","does not include PAL Total Errors 8 Shapes (Adjusted): The number of times the subject chose the incorrect box for a stimulus on assessment problems, where the number of shapes was equal to 8 (PALTE8), plus an adjustment for the estimated number of errors they would have made on any other 8 pattern problems, attempts and recalls they did not reach.",determine,Include Total Errors Shapes,0.609,description_title,PALTEA,8,PAL,PAL Recommended Standard Extended,Total,Errors,0
ai-mind-variable-descriptions_in_.csv,66,PRMCLSDD,PRM > PRM Recommended Standard 18 Extended.PRMCLSDD,PRM > PRM Recommended Standard 18 Extended,"Task: PRM | Variant: PRM Recommended Standard 18 Extended | name: PRMCLSDD | description: PRM Correct Latency (SD) Delayed: The standard deviation for the latency of a subject's response to correctly choose the appropriate pattern in the delayed forced-choice condition, measured in milliseconds. | Decimal Places: 2","PRM Correct Latency (SD) Delayed: The standard deviation for the latency of a subject's response to correctly choose the appropriate pattern in the delayed forced-choice condition, measured in milliseconds.",determine,Latency Immediate Standard,0.653,keybert,PRMCLSD,No Condition,PRM,PRM Recommended Standard 18 Extended,Standard Deviation,Other,2
ai-mind-variable-descriptions_in_.csv,67,PRMCLSDI,PRM > PRM Recommended Standard 18 Extended.PRMCLSDI,PRM > PRM Recommended Standard 18 Extended,"Task: PRM | Variant: PRM Recommended Standard 18 Extended | name: PRMCLSDI | description: PRM Correct Latency (SD) Immediate: The standard deviation for the latency of a subject's response to correctly select the appropriate pattern in the immediate forced-choice condition, measured in milliseconds. | Decimal Places: 2","PRM Correct Latency (SD) Immediate: The standard deviation for the latency of a subject's response to correctly select the appropriate pattern in the immediate forced-choice condition, measured in milliseconds.",determine,Latency Immediate Standard,0.653,keybert,PRMCLSD,No Condition,PRM,PRM Recommended Standard 18 Extended,Standard Deviation,Other,2
ai-mind-variable-descriptions_in_.csv,68,PRMMCLD,PRM > PRM Recommended Standard 18 Extended.PRMMCLD,PRM > PRM Recommended Standard 18 Extended,"Task: PRM | Variant: PRM Recommended Standard 18 Extended | name: PRMMCLD | description: PRM Mean Correct Latency Delayed: The mean latency for a subject to correctly select the appropriate pattern during the delayed forced-choice condition, measured in milliseconds. | Decimal Places: 2","PRM Mean Correct Latency Delayed: The mean latency for a subject to correctly select the appropriate pattern during the delayed forced-choice condition, measured in milliseconds.",determine,Latency Immediate Standard,0.653,keybert,PRMMCL,No Condition,PRM,PRM Recommended Standard 18 Extended,Mean,Other,2
ai-mind-variable-descriptions_in_.csv,69,PRMMCLI,PRM > PRM Recommended Standard 18 Extended.PRMMCLI,PRM > PRM Recommended Standard 18 Extended,"Task: PRM | Variant: PRM Recommended Standard 18 Extended | name: PRMMCLI | description: PRM Mean Correct Latency Immediate: The mean latency for a subject to correctly select the appropriate pattern during the immediate forced-choice condition, measured in milliseconds. | Decimal Places: 2","PRM Mean Correct Latency Immediate: The mean latency for a subject to correctly select the appropriate pattern during the immediate forced-choice condition, measured in milliseconds.",determine,Latency Immediate Standard,0.653,keybert,PRMMCL,No Condition,PRM,PRM Recommended Standard 18 Extended,Mean,Other,2
ai-mind-variable-descriptions_in_.csv,70,PRMMDCLD,PRM > PRM Recommended Standard 18 Extended.PRMMDCLD,PRM > PRM Recommended Standard 18 Extended,"Task: PRM | Variant: PRM Recommended Standard 18 Extended | name: PRMMDCLD | description: PRM Median Correct Latency Delayed: The median latency for a subject to correctly select the appropriate pattern during the delayed forced-choice condition, measured in milliseconds. | Decimal Places: 2","PRM Median Correct Latency Delayed: The median latency for a subject to correctly select the appropriate pattern during the delayed forced-choice condition, measured in milliseconds.",determine,Latency Immediate Standard,0.653,keybert,PRMMDCL,No Condition,PRM,PRM Recommended Standard 18 Extended,Median,Other,2
ai-mind-variable-descriptions_in_.csv,71,PRMMDCLI,PRM > PRM Recommended Standard 18 Extended.PRMMDCLI,PRM > PRM Recommended Standard 18 Extended,"Task: PRM | Variant: PRM Recommended Standard 18 Extended | name: PRMMDCLI | description: PRM Median Correct Latency Immediate: The median latency for a subject to correctly select the appropriate pattern during the immediate forced-choice condition, measured in milliseconds. | Decimal Places: 2","PRM Median Correct Latency Immediate: The median latency for a subject to correctly select the appropriate pattern during the immediate forced-choice condition, measured in milliseconds.",determine,Latency Immediate Standard,0.653,keybert,PRMMDCL,No Condition,PRM,PRM Recommended Standard 18 Extended,Median,Other,2
ai-mind-variable-descriptions_in_.csv,72,PRMPCD,PRM > PRM Recommended Standard 18 Extended.PRMPCD,PRM > PRM Recommended Standard 18 Extended,"Task: PRM | Variant: PRM Recommended Standard 18 Extended | name: PRMPCD | description: KEY: PRM Percent Correct Delayed: The number of correct patterns selected by the subject in the delayed forced-choice condition, expressed as a percentage. | Decimal Places: 2","KEY: PRM Percent Correct Delayed: The number of correct patterns selected by the subject in the delayed forced-choice condition, expressed as a percentage.",determine,Percent Correct Immediate,0.596,keybert,PRMPC,No Condition,PRM,PRM Recommended Standard 18 Extended,Percent,Other,2
ai-mind-variable-descriptions_in_.csv,73,PRMPCI,PRM > PRM Recommended Standard 18 Extended.PRMPCI,PRM > PRM Recommended Standard 18 Extended,"Task: PRM | Variant: PRM Recommended Standard 18 Extended | name: PRMPCI | description: KEY: PRM Percent Correct Immediate: The number of correct patterns selected by the subject in the immediate forced-choice condition, expressed as a percentage. | Decimal Places: 2","KEY: PRM Percent Correct Immediate: The number of correct patterns selected by the subject in the immediate forced-choice condition, expressed as a percentage.",determine,Percent Correct Immediate,0.596,keybert,PRMPC,No Condition,PRM,PRM Recommended Standard 18 Extended,Percent,Other,2
ai-mind-variable-descriptions_in_.csv,74,PRMTSDSP,PRM > PRM Recommended Standard 18 Extended.PRMTSDSP,PRM > PRM Recommended Standard 18 Extended,Task: PRM | Variant: PRM Recommended Standard 18 Extended | name: PRMTSDSP | description: PRM Time Since Delayed Stimuli Presentation: The length of time between the end of the stimuli presentation for the delayed phase and the start of the delayed forced-choice condition. | Decimal Places: 2,PRM Time Since Delayed Stimuli Presentation: The length of time between the end of the stimuli presentation for the delayed phase and the start of the delayed forced-choice condition.,determine,Time Since Delayed Stimuli,0.0,singleton_title,PRM,No Condition,PRM,PRM Recommended Standard 18 Extended,Other,Other,2
ai-mind-variable-descriptions_in_.csv,75,RVPA,RVP > RVP 3 Targets.RVPA,RVP > RVP 3 Targets,"Task: RVP | Variant: RVP 3 Targets | name: RVPA | description: KEY: RVP A?: A? (A prime) is the signal detection measure of a subject's sensitivity to the target sequence (string of three numbers), regardless of response tendency (the expected range is 0.00 to 1.00; bad to good). In essence, this metric is a measure of how good the subject is at detecting target sequences. | Decimal Places: 4","KEY: RVP A?: A? (A prime) is the signal detection measure of a subject's sensitivity to the target sequence (string of three numbers), regardless of response tendency (the expected range is 0.00 to 1.00; bad to good). In essence, this metric is a measure of how good the subject is at detecting target sequences.",determine,Detection Measure,0.0,singleton_keybert,RVP,No Condition,RVP,RVP 3 Targets,Range,Other,4
ai-mind-variable-descriptions_in_.csv,76,RVPLSD,RVP > RVP 3 Targets.RVPLSD,RVP > RVP 3 Targets,Task: RVP | Variant: RVP 3 Targets | name: RVPLSD | description: RVP Response Latency (SD): The standard deviation of response latency on trials where the subject responded correctly. Calculated across all assessed trials. | Decimal Places: 4,RVP Response Latency (SD): The standard deviation of response latency on trials where the subject responded correctly. Calculated across all assessed trials.,determine,Response Latency Mean,0.676,keybert,RVP,No Condition,RVP,RVP 3 Targets,Standard Deviation,Other,4
ai-mind-variable-descriptions_in_.csv,77,RVPMDL,RVP > RVP 3 Targets.RVPMDL,RVP > RVP 3 Targets,Task: RVP | Variant: RVP 3 Targets | name: RVPMDL | description: KEY: RVP Median Response Latency: The median response latency on trials where the subject responded correctly. Calculated across all assessed trials. | Decimal Places: 4,KEY: RVP Median Response Latency: The median response latency on trials where the subject responded correctly. Calculated across all assessed trials.,determine,Response Latency Mean,0.676,keybert,RVPM,No Condition,RVP,RVP 3 Targets,Median,Other,4
ai-mind-variable-descriptions_in_.csv,78,RVPML,RVP > RVP 3 Targets.RVPML,RVP > RVP 3 Targets,Task: RVP | Variant: RVP 3 Targets | name: RVPML | description: RVP Mean Response Latency: The mean response latency on trials where the subject responded correctly. Calculated across all assessed trials. | Decimal Places: 4,RVP Mean Response Latency: The mean response latency on trials where the subject responded correctly. Calculated across all assessed trials.,determine,Response Latency Mean,0.676,keybert,RVPM,No Condition,RVP,RVP 3 Targets,Mean,Other,4
ai-mind-variable-descriptions_in_.csv,79,RVPPFA,RVP > RVP 3 Targets.RVPPFA,RVP > RVP 3 Targets,Task: RVP | Variant: RVP 3 Targets | name: RVPPFA | description: KEY: RVP Probability of False Alarm: The number of sequence presentations that were false alarms divided by the number of sequence presentations that were false alarms plus the number of sequence presentations that were correct rejections: (False Alarms ÷ (False Alarms + Correct Rejections)) | Decimal Places: 4,KEY: RVP Probability of False Alarm: The number of sequence presentations that were false alarms divided by the number of sequence presentations that were false alarms plus the number of sequence presentations that were correct rejections: (False Alarms ÷ (False Alarms + Correct Rejections)),determine,Total,0.407,description_title,RVPP,No Condition,RVP,RVP 3 Targets,Probability,False Alarm,4
ai-mind-variable-descriptions_in_.csv,80,RVPPH,RVP > RVP 3 Targets.RVPPH,RVP > RVP 3 Targets,"Task: RVP | Variant: RVP 3 Targets | name: RVPPH | description: RVP Probability of Hit: The number of target sequences during assessment blocks that were correctly responded to within the time allowed, divided by the number of target sequences during assessment blocks (Correct hits ÷ total number of sequences) | Decimal Places: 4","RVP Probability of Hit: The number of target sequences during assessment blocks that were correctly responded to within the time allowed, divided by the number of target sequences during assessment blocks (Correct hits ÷ total number of sequences)",determine,Total,0.407,description_title,RVPP,No Condition,RVP,RVP 3 Targets,Probability,Other,4
ai-mind-variable-descriptions_in_.csv,81,RVPTFA,RVP > RVP 3 Targets.RVPTFA,RVP > RVP 3 Targets,Task: RVP | Variant: RVP 3 Targets | name: RVPTFA | description: RVP Total False Alarms: The total number of stimulus presentations during assessment blocks that were false alarms. | Decimal Places: 0,RVP Total False Alarms: The total number of stimulus presentations during assessment blocks that were false alarms.,determine,Total,0.407,description_title,RVPT,No Condition,RVP,RVP 3 Targets,Total,Other,0
ai-mind-variable-descriptions_in_.csv,82,RVPTH,RVP > RVP 3 Targets.RVPTH,RVP > RVP 3 Targets,Task: RVP | Variant: RVP 3 Targets | name: RVPTH | description: RVP Total Hits: The total number of target sequences that were correctly responded to (Correct Hits) within the allowed time during assessment sequence blocks. | Decimal Places: 0,RVP Total Hits: The total number of target sequences that were correctly responded to (Correct Hits) within the allowed time during assessment sequence blocks.,determine,Total,0.407,description_title,RVPT,No Condition,RVP,RVP 3 Targets,Total,Other,0
ai-mind-variable-descriptions_in_.csv,83,RVPTM,RVP > RVP 3 Targets.RVPTM,RVP > RVP 3 Targets,Task: RVP | Variant: RVP 3 Targets | name: RVPTM | description: RVP Total Misses: The total number of target sequences that were not responded to within the allowed time during assessment sequence blocks. | Decimal Places: 0,RVP Total Misses: The total number of target sequences that were not responded to within the allowed time during assessment sequence blocks.,determine,Total,0.407,description_title,RVPT,No Condition,RVP,RVP 3 Targets,Total,Other,0
ai-mind-variable-descriptions_in_.csv,84,SWMBE12,SWM > SWM Recommended Standard 2.0 Extended.SWMBE12,SWM > SWM Recommended Standard 2.0 Extended,Task: SWM | Variant: SWM Recommended Standard 2.0 Extended | name: SWMBE12 | description: KEY: SWM Between errors 12 boxes: The number of times the subject revisits a box in which a token has previously been found. Calculated across all trials with 12 tokens only. | Decimal Places: 0,KEY: SWM Between errors 12 boxes: The number of times the subject revisits a box in which a token has previously been found. Calculated across all trials with 12 tokens only.,determine,Errors Boxes Times,0.515,keybert,SWMBE,12,SWM,SWM Recommended Standard 2.0 Extended,Other,Errors,0
ai-mind-variable-descriptions_in_.csv,85,SWMBE4,SWM > SWM Recommended Standard 2.0 Extended.SWMBE4,SWM > SWM Recommended Standard 2.0 Extended,Task: SWM | Variant: SWM Recommended Standard 2.0 Extended | name: SWMBE4 | description: KEY: SWM Between errors 4 boxes: The number of times a subject revisits a box in which a token has previously been found. Calculated across all trials with 4 tokens only. | Decimal Places: 0,KEY: SWM Between errors 4 boxes: The number of times a subject revisits a box in which a token has previously been found. Calculated across all trials with 4 tokens only.,determine,Errors Boxes Times,0.515,keybert,SWMBE,4,SWM,SWM Recommended Standard 2.0 Extended,Other,Errors,0
ai-mind-variable-descriptions_in_.csv,86,SWMBE468,SWM > SWM Recommended Standard 2.0 Extended.SWMBE468,SWM > SWM Recommended Standard 2.0 Extended,"Task: SWM | Variant: SWM Recommended Standard 2.0 Extended | name: SWMBE468 | description: KEY: SWM Between Errors: The number of times the subject incorrectly revisits a box in which a token has previously been found. Calculated across all assessed four, six and eight token trials. | Decimal Places: 0","KEY: SWM Between Errors: The number of times the subject incorrectly revisits a box in which a token has previously been found. Calculated across all assessed four, six and eight token trials.",determine,Errors Boxes Times,0.515,keybert,SWMBE,468,SWM,SWM Recommended Standard 2.0 Extended,Other,Errors,0
ai-mind-variable-descriptions_in_.csv,87,SWMBE6,SWM > SWM Recommended Standard 2.0 Extended.SWMBE6,SWM > SWM Recommended Standard 2.0 Extended,Task: SWM | Variant: SWM Recommended Standard 2.0 Extended | name: SWMBE6 | description: KEY: SWM Between errors 6 boxes: The number of times the subject revisits a box in which a token has previously been found. Calculated across all trials with 6 tokens only. | Decimal Places: 0,KEY: SWM Between errors 6 boxes: The number of times the subject revisits a box in which a token has previously been found. Calculated across all trials with 6 tokens only.,determine,Errors Boxes Times,0.515,keybert,SWMBE,6,SWM,SWM Recommended Standard 2.0 Extended,Other,Errors,0
ai-mind-variable-descriptions_in_.csv,88,SWMBE8,SWM > SWM Recommended Standard 2.0 Extended.SWMBE8,SWM > SWM Recommended Standard 2.0 Extended,Task: SWM | Variant: SWM Recommended Standard 2.0 Extended | name: SWMBE8 | description: KEY: SWM Between errors 8 boxes: The number of times the subject revisits a box in which a token has previously been found. Calculated across all trials with 8 tokens only. | Decimal Places: 0,KEY: SWM Between errors 8 boxes: The number of times the subject revisits a box in which a token has previously been found. Calculated across all trials with 8 tokens only.,determine,Errors Boxes Times,0.515,keybert,SWMBE,8,SWM,SWM Recommended Standard 2.0 Extended,Other,Errors,0
ai-mind-variable-descriptions_in_.csv,89,SWMDE12,SWM > SWM Recommended Standard 2.0 Extended.SWMDE12,SWM > SWM Recommended Standard 2.0 Extended,Task: SWM | Variant: SWM Recommended Standard 2.0 Extended | name: SWMDE12 | description: SWM Double errors 12 boxes: The number of times a subject commits an error that is both a within error and a between error. Calculated across all trials with 12 tokens only. | Decimal Places: 0,SWM Double errors 12 boxes: The number of times a subject commits an error that is both a within error and a between error. Calculated across all trials with 12 tokens only.,determine,Double Errors Boxes,0.594,description_title,SWMDE,12,SWM,SWM Recommended Standard 2.0 Extended,Other,Errors,0
ai-mind-variable-descriptions_in_.csv,90,SWMDE4,SWM > SWM Recommended Standard 2.0 Extended.SWMDE4,SWM > SWM Recommended Standard 2.0 Extended,Task: SWM | Variant: SWM Recommended Standard 2.0 Extended | name: SWMDE4 | description: SWM Double errors 4 boxes: The number of times a subject commits an error that is both a within error and a between error. Calculated across all trials with 4 tokens only. | Decimal Places: 0,SWM Double errors 4 boxes: The number of times a subject commits an error that is both a within error and a between error. Calculated across all trials with 4 tokens only.,determine,Double Errors Boxes,0.594,description_title,SWMDE,4,SWM,SWM Recommended Standard 2.0 Extended,Other,Errors,0
ai-mind-variable-descriptions_in_.csv,91,SWMDE468,SWM > SWM Recommended Standard 2.0 Extended.SWMDE468,SWM > SWM Recommended Standard 2.0 Extended,"Task: SWM | Variant: SWM Recommended Standard 2.0 Extended | name: SWMDE468 | description: SWM Double Errors: The number of times a subject commits an error that is both a within error and a between error. Calculated across all assessed four, six and eight token trials. | Decimal Places: 0","SWM Double Errors: The number of times a subject commits an error that is both a within error and a between error. Calculated across all assessed four, six and eight token trials.",determine,Double Errors,0.0,singleton_title,SWMDE,468,SWM,SWM Recommended Standard 2.0 Extended,Other,Errors,0
ai-mind-variable-descriptions_in_.csv,92,SWMDE6,SWM > SWM Recommended Standard 2.0 Extended.SWMDE6,SWM > SWM Recommended Standard 2.0 Extended,Task: SWM | Variant: SWM Recommended Standard 2.0 Extended | name: SWMDE6 | description: SWM Double errors 6 boxes: The number of times a subject commits an error that is both a within error and a between error. Calculated across all trials with 6 tokens only. | Decimal Places: 0,SWM Double errors 6 boxes: The number of times a subject commits an error that is both a within error and a between error. Calculated across all trials with 6 tokens only.,determine,Double Errors Boxes,0.594,description_title,SWMDE,6,SWM,SWM Recommended Standard 2.0 Extended,Other,Errors,0
ai-mind-variable-descriptions_in_.csv,93,SWMDE8,SWM > SWM Recommended Standard 2.0 Extended.SWMDE8,SWM > SWM Recommended Standard 2.0 Extended,Task: SWM | Variant: SWM Recommended Standard 2.0 Extended | name: SWMDE8 | description: SWM Double errors 8 boxes: The number of times a subject commits an error that is both a within error and a between error. Calculated across all trials with 8 tokens only. | Decimal Places: 0,SWM Double errors 8 boxes: The number of times a subject commits an error that is both a within error and a between error. Calculated across all trials with 8 tokens only.,determine,Double Errors Boxes,0.594,description_title,SWMDE,8,SWM,SWM Recommended Standard 2.0 Extended,Other,Errors,0
ai-mind-variable-descriptions_in_.csv,94,SWMPR,SWM > SWM Recommended Standard 2.0 Extended.SWMPR,SWM > SWM Recommended Standard 2.0 Extended,"Task: SWM | Variant: SWM Recommended Standard 2.0 Extended | name: SWMPR | description: SWM Problem Reached: This measure reports the problem number that the subject reached, but did not necessarily complete. | Decimal Places: 0","SWM Problem Reached: This measure reports the problem number that the subject reached, but did not necessarily complete.",determine,Problem Reached,0.0,singleton_title,SWM,No Condition,SWM,SWM Recommended Standard 2.0 Extended,Other,Other,0
ai-mind-variable-descriptions_in_.csv,95,SWMS,SWM > SWM Recommended Standard 2.0 Extended.SWMS,SWM > SWM Recommended Standard 2.0 Extended,"Task: SWM | Variant: SWM Recommended Standard 2.0 Extended | name: SWMS | description: KEY: SWM Strategy (6-8 boxes): The number of times a subject begins a new search pattern from the same box they started with previously. If they always begin a search from the same starting point we infer that the subject is employing a planned strategy for finding the tokens. Therefore a low score indicates high strategy use (1 = they always begin the search from the same box), a high score indicates that they are beginning their searches from many different boxes. Calculated across assessed trials with 6 tokens or 8 tokens. | Decimal Places: 0","KEY: SWM Strategy (6-8 boxes): The number of times a subject begins a new search pattern from the same box they started with previously. If they always begin a search from the same starting point we infer that the subject is employing a planned strategy for finding the tokens. Therefore a low score indicates high strategy use (1 = they always begin the search from the same box), a high score indicates that they are beginning their searches from many different boxes. Calculated across assessed trials with 6 tokens or 8 tokens.",determine,Strategy High,0.569,keybert,SWMS,No Condition,SWM,SWM Recommended Standard 2.0 Extended,Other,Other,0
ai-mind-variable-descriptions_in_.csv,96,SWMS6,SWM > SWM Recommended Standard 2.0 Extended.SWMS6,SWM > SWM Recommended Standard 2.0 Extended,"Task: SWM | Variant: SWM Recommended Standard 2.0 Extended | name: SWMS6 | description: SWM Strategy (6 box only): This measure computes the strategy score for the 6 box stage of the task only. The strategy score is calculated based on the number of times a subject begins a new search pattern from the same box they started with previously. If they always begin a search from the same starting point we infer that the subject is employing a planned strategy for finding the tokens. Therefore a low score indicates high strategy use (1 = they always begin the search from the same box), a high score indicates that they are beginning their searches from many different boxes. | Decimal Places: 0","SWM Strategy (6 box only): This measure computes the strategy score for the 6 box stage of the task only. The strategy score is calculated based on the number of times a subject begins a new search pattern from the same box they started with previously. If they always begin a search from the same starting point we infer that the subject is employing a planned strategy for finding the tokens. Therefore a low score indicates high strategy use (1 = they always begin the search from the same box), a high score indicates that they are beginning their searches from many different boxes.",determine,Strategy High,0.569,keybert,SWMS,6,SWM,SWM Recommended Standard 2.0 Extended,Other,Other,0
ai-mind-variable-descriptions_in_.csv,97,SWMSX,SWM > SWM Recommended Standard 2.0 Extended.SWMSX,SWM > SWM Recommended Standard 2.0 Extended,"Task: SWM | Variant: SWM Recommended Standard 2.0 Extended | name: SWMSX | description: SWM Strategy (6-12 boxes): The number of times a subject begins a new search pattern from the same box they started with previously. If they always begin a search from the same starting point we infer that the subject is employing a planned strategy for finding the tokens. Therefore a low score indicates high strategy use (1 = they always begin the search from the same box), a high score indicates that they are beginning their searches from many different boxes. Calculated across assessed trials with 6 tokens or more. | Decimal Places: 0","SWM Strategy (6-12 boxes): The number of times a subject begins a new search pattern from the same box they started with previously. If they always begin a search from the same starting point we infer that the subject is employing a planned strategy for finding the tokens. Therefore a low score indicates high strategy use (1 = they always begin the search from the same box), a high score indicates that they are beginning their searches from many different boxes. Calculated across assessed trials with 6 tokens or more.",determine,Strategy High,0.569,keybert,SWMS,No Condition,SWM,SWM Recommended Standard 2.0 Extended,Other,Other,0
ai-mind-variable-descriptions_in_.csv,98,SWMTE12,SWM > SWM Recommended Standard 2.0 Extended.SWMTE12,SWM > SWM Recommended Standard 2.0 Extended,"Task: SWM | Variant: SWM Recommended Standard 2.0 Extended | name: SWMTE12 | description: SWM Total errors 12 boxes: The number of times a box is selected that is certain not to contain a token and therefore should not have been visited by the subject, i.e. between errors + within errors - double errors. Calculated across all trials with 12 tokens only. | Decimal Places: 0","SWM Total errors 12 boxes: The number of times a box is selected that is certain not to contain a token and therefore should not have been visited by the subject, i.e. between errors + within errors - double errors. Calculated across all trials with 12 tokens only.",determine,Errors Total,0.593,keybert,SWMTE,12,SWM,SWM Recommended Standard 2.0 Extended,Total,Errors,0
ai-mind-variable-descriptions_in_.csv,99,SWMTE4,SWM > SWM Recommended Standard 2.0 Extended.SWMTE4,SWM > SWM Recommended Standard 2.0 Extended,"Task: SWM | Variant: SWM Recommended Standard 2.0 Extended | name: SWMTE4 | description: SWM Total errors 4 boxes: The number of times a box is selected that is certain not to contain a token and therefore should not have been visited by the subject, i.e. between errors + within errors - double errors. Calculated across all trials with 4 tokens only. | Decimal Places: 0","SWM Total errors 4 boxes: The number of times a box is selected that is certain not to contain a token and therefore should not have been visited by the subject, i.e. between errors + within errors - double errors. Calculated across all trials with 4 tokens only.",determine,Errors Total,0.593,keybert,SWMTE,4,SWM,SWM Recommended Standard 2.0 Extended,Total,Errors,0
ai-mind-variable-descriptions_in_.csv,100,SWMTE468,SWM > SWM Recommended Standard 2.0 Extended.SWMTE468,SWM > SWM Recommended Standard 2.0 Extended,"Task: SWM | Variant: SWM Recommended Standard 2.0 Extended | name: SWMTE468 | description: SWM Total Errors: The total number of times a box is selected that is certain not to contain a token and therefore should not have been visited by the subject, i.e. between errors + within errors - double errors. Calculated across all assessed four, six and eight token trials. | Decimal Places: 0","SWM Total Errors: The total number of times a box is selected that is certain not to contain a token and therefore should not have been visited by the subject, i.e. between errors + within errors - double errors. Calculated across all assessed four, six and eight token trials.",determine,Errors Total,0.593,keybert,SWMTE,468,SWM,SWM Recommended Standard 2.0 Extended,Total,Errors,0
ai-mind-variable-descriptions_in_.csv,101,SWMTE6,SWM > SWM Recommended Standard 2.0 Extended.SWMTE6,SWM > SWM Recommended Standard 2.0 Extended,"Task: SWM | Variant: SWM Recommended Standard 2.0 Extended | name: SWMTE6 | description: SWM Total errors 6 boxes: The number of times a box is selected that is certain not to contain a token and therefore should not have been visited by the subject, i.e. between errors + within errors - double errors. Calculated across all trials with 6 tokens only. | Decimal Places: 0","SWM Total errors 6 boxes: The number of times a box is selected that is certain not to contain a token and therefore should not have been visited by the subject, i.e. between errors + within errors - double errors. Calculated across all trials with 6 tokens only.",determine,Errors Total,0.593,keybert,SWMTE,6,SWM,SWM Recommended Standard 2.0 Extended,Total,Errors,0
ai-mind-variable-descriptions_in_.csv,102,SWMTE8,SWM > SWM Recommended Standard 2.0 Extended.SWMTE8,SWM > SWM Recommended Standard 2.0 Extended,"Task: SWM | Variant: SWM Recommended Standard 2.0 Extended | name: SWMTE8 | description: SWM Total errors 8 boxes: The number of times a box is selected that is certain not to contain a token and therefore should not have been visited by the subject, i.e. between errors + within errors - double errors. Calculated across all trials with 8 tokens only. | Decimal Places: 0","SWM Total errors 8 boxes: The number of times a box is selected that is certain not to contain a token and therefore should not have been visited by the subject, i.e. between errors + within errors - double errors. Calculated across all trials with 8 tokens only.",determine,Errors Total,0.593,keybert,SWMTE,8,SWM,SWM Recommended Standard 2.0 Extended,Total,Errors,0
ai-mind-variable-descriptions_in_.csv,103,SWMWE12,SWM > SWM Recommended Standard 2.0 Extended.SWMWE12,SWM > SWM Recommended Standard 2.0 Extended,Task: SWM | Variant: SWM Recommended Standard 2.0 Extended | name: SWMWE12 | description: SWM Within errors 12 boxes: The number of times a subject revisits a box already found to be empty during the same search. Calculated across all trials with 12 tokens only. | Decimal Places: 0,SWM Within errors 12 boxes: The number of times a subject revisits a box already found to be empty during the same search. Calculated across all trials with 12 tokens only.,determine,Within Errors,0.412,keybert,SWMWE,12,SWM,SWM Recommended Standard 2.0 Extended,Other,Errors,0
ai-mind-variable-descriptions_in_.csv,104,SWMWE4,SWM > SWM Recommended Standard 2.0 Extended.SWMWE4,SWM > SWM Recommended Standard 2.0 Extended,Task: SWM | Variant: SWM Recommended Standard 2.0 Extended | name: SWMWE4 | description: SWM Within errors 4 boxes: The number of times a subject revisits a box already found to be empty during the same search. Calculated across all trials with 4 tokens only. | Decimal Places: 0,SWM Within errors 4 boxes: The number of times a subject revisits a box already found to be empty during the same search. Calculated across all trials with 4 tokens only.,determine,Within Errors,0.412,keybert,SWMWE,4,SWM,SWM Recommended Standard 2.0 Extended,Other,Errors,0
ai-mind-variable-descriptions_in_.csv,105,SWMWE468,SWM > SWM Recommended Standard 2.0 Extended.SWMWE468,SWM > SWM Recommended Standard 2.0 Extended,"Task: SWM | Variant: SWM Recommended Standard 2.0 Extended | name: SWMWE468 | description: SWM Within Errors: The number of times a subject revisits a box already shown to be empty during the same search. Calculated across all assessed four, six and eight token trials. | Decimal Places: 0","SWM Within Errors: The number of times a subject revisits a box already shown to be empty during the same search. Calculated across all assessed four, six and eight token trials.",determine,Within Errors,0.0,singleton_title,SWMWE,468,SWM,SWM Recommended Standard 2.0 Extended,Other,Errors,0
ai-mind-variable-descriptions_in_.csv,106,SWMWE6,SWM > SWM Recommended Standard 2.0 Extended.SWMWE6,SWM > SWM Recommended Standard 2.0 Extended,Task: SWM | Variant: SWM Recommended Standard 2.0 Extended | name: SWMWE6 | description: SWM Within errors 6 boxes: The number of times a subject revisits a box already found to be empty during the same search. Calculated across all trials with 6 tokens only. | Decimal Places: 0,SWM Within errors 6 boxes: The number of times a subject revisits a box already found to be empty during the same search. Calculated across all trials with 6 tokens only.,determine,Within Errors,0.412,keybert,SWMWE,6,SWM,SWM Recommended Standard 2.0 Extended,Other,Errors,0
ai-mind-variable-descriptions_in_.csv,107,SWMWE8,SWM > SWM Recommended Standard 2.0 Extended.SWMWE8,SWM > SWM Recommended Standard 2.0 Extended,Task: SWM | Variant: SWM Recommended Standard 2.0 Extended | name: SWMWE8 | description: SWM Within errors 8 boxes: The number of times a subject revisits a box already found to be empty during the same search. Calculated across all trials with 8 tokens only. | Decimal Places: 0,SWM Within errors 8 boxes: The number of times a subject revisits a box already found to be empty during the same search. Calculated across all trials with 8 tokens only.,determine,Within Errors,0.412,keybert,SWMWE,8,SWM,SWM Recommended Standard 2.0 Extended,Other,Errors,0
